/* cursor program ti increment rating  of boat sailors*/

delimiter //
create procedure increment()
begin
	declare vfinished int default 0;
	declare si int;
	declare n varchar(25);
	declare sr int(2);
	
declare emp_cursor cursor for select * from sailors;
declare continue handler for not found set vfinished=1;

open emp_cursor;
getdata:loop
     fetch  emp_cursor into si,n,sr;
     if vfinished=1 then
     leave getdata;
     end if;
    update sailors set srating=srating+2 ;
    end loop getdata;
    close emp_cursor;
    end //
delimiter ;

/*
ysql> select * from sailors;
+------+--------+---------+
| sid  | sname  | srating |
+------+--------+---------+
|    1 | sab    |      14 |
|    2 | sam    |      19 |
+------+--------+---------+
2 rows in set (0.00 sec)


mysql> call increment();
Query OK, 0 rows affected (0.14 sec)

mysql> select * from sailors;
+------+--------+---------+
| sid  | sname  | srating |
+------+--------+---------+
|    1 | sab    |      16 |
|    2 | sam    |      21 |
+------+--------+---------+
2 rows in set (0.00 sec)

*/

Delimiter //
create trigger del_record
after delete on info
for each row
begin
call store_record();
end //
Delimiter ;

Delimiter //
create procedure store_record()
begin
declare vfinshined int default 0;
declare i int;
declare n varchar(10);
declare s float;
declare st_cursor cursor for select * from info;
declare continue handler for not found set vfinshined=1;
open st_cursor;
setdata:loop
     fetch st_cursor into i,n,s;
     if vfinshined=1 then
	 leave setdata;
	 end if;
     insert into dump_info values(i,n,s);
     end loop setdata;
     close st_cursor;
end //
delimiter ;

/*
  mysql> select * from info;
+-----+----------+---------+
| eid | ename    | esal    |
+-----+----------+---------+
|   1 | om       |  438.23 |
|   2 | sai      | 23474.3 |
|   3 | ram      | 7583.23 |
|   4 | sita     |     354 |
|   5 | abhi     | 36473.2 |
|   6 | pari     |    6345 |
|   7 | rutuja   |     845 |
|   8 | payal    | 352.34  |
|   9 | kritika  |    1294 |
|  10 | yash     |    2394 |
+-----+----------+---------+
10 rows in set (0.00 sec)

mysql> create table dump(eid int(2),ename varchar(10),esal float);
Query OK, 0 rows affected, 1 warning (0.01 sec)

mysql> select * from dump_info;
Empty set (0.00 sec)

mysql> delete from info;
Query OK, 9 rows affected (0.00 sec)

mysql> select * from dump;
+-----+----------+---------+
| eid | ename    | esal    |
+-----+----------+---------+
|   1 | om       |  438.23 |
|   2 | sai      | 23474.3 |
|   3 | ram      | 7583.23 |
|   4 | sita     |     354 |
|   5 | abhi     | 36473.2 |
|   6 | pari     |    6345 |
|   7 | rutuja   |     845 |
|   8 | payal    | 352.34  |
|   9 | kritika  |    1294 |
|  10 | yash     |    2394 |
+-----+----------+---------+
9 rows in set (0.00 sec)
